Istanbul;
Ankara;
İzmir;
Bursa;
Antalya;
Konya;
Adana;
Gaziantep;
Şanlıurfa;
Mersin;
Diyarbakır;
Kayseri;
Samsun;
Tekirdağ;
Denizli;
Eskişehir;
Trabzon;
Erzurum;
Malatya;
Batman;
Kahramanmaraş;
Elazığ;
Hatay;
Sivas;
Kocaeli;
Van;
Tarsus;
Balıkesir;
Alanya;
Adıyaman;
Afyonkarahisar;
İskenderun;
Aksaray;
Çorum;
İnegöl;
Kütahya;
Ağrı;
;
;
;
;
;
;
;
;
;
;
;
;
;
;
;
;
;
;
;
;
;
;
;
;
;
;
;
;
;
;
;
;
;
;
;
;
;
;
;
;
;
;
;
;
;
;
;
;
;
;
;
;
;
;
;
;
;
;
;
;
;
;
;
;
;
;
;
;
;
;
;
;
;
;
;
;
;
;
;
;
;
;
;
;
;
;
;
;
;
;
;
;
;
;
;
;
;
;
;
;
;
;
;
;
;
;
;
;
;
;
;
;
;
