id;word
1;Magazines
2;Laundry detergent
3;Energy drinks
4;Candy
5;Toothpaste
6;Candles
7;Vitamins
8;Cleaning supplies
9;Beverages
10;DVDs and movies
11;Books
12;Phones
13;Clothing
14;Furniture
15;Airline tickets
16;Electronic devices
17;Personal hygiene products
18;Vacuum cleaners
19;Watches
20;Designer clothing
21;Luxury vehicles
22;Jewelry
23;Perfumes
24;Magazines
25;Laundry detergent
26;Energy drinks
27;Candy
28;Toothpaste
29;Candles
30;Vitamins
31;Cleaning supplies
32;Beverages
33;DVDs and movies
34;Books
35;Phones
36;Clothing
37;Furniture
38;Airline tickets
39;Electronic devices
40;Personal hygiene products
41;Vacuum cleaners
42;Watches
43;Designer clothing
44;Luxury vehicles
45;Jewelry
46;Perfumes
47;Magazines
48;Laundry detergent
49;Energy drinks
50;Candy
51;Toothpaste
52;Candles
53;Vitamins
54;Cleaning supplies
55;Beverages
56;DVDs and movies
57;Books
58;Phones
59;Clothing
60;Furniture
61;Airline tickets
62;Electronic devices
63;Personal hygiene products
64;Vacuum cleaners
65;Watches
66;Designer clothing
67;Luxury vehicles
68;Jewelry
69;Perfumes
70;Magazines
71;Laundry detergent
72;Energy drinks
73;Candy
74;Toothpaste
75;Candles
76;Vitamins
77;Cleaning supplies
78;Beverages
79;DVDs and movies
80;Books
81;Phones
82;Clothing
83;Furniture
84;Airline tickets
85;Electronic devices
86;Personal hygiene products
87;Vacuum cleaners
88;Watches
89;Designer clothing
90;Luxury vehicles
91;Jewelry
92;Perfumes
93;Magazines
94;Laundry detergent
95;Energy drinks
96;Candy
97;Toothpaste
98;Candles
99;Vitamins
100;Cleaning supplies
101;Beverages
102;DVDs and movies
103;Books
104;Phones
105;Clothing
106;Furniture
107;Airline tickets
108;Electronic devices
109;Personal hygiene products
110;Vacuum cleaners
111;Watches
112;Designer clothing
113;Luxury vehicles
114;Jewelry
115;Perfumes
116;Magazines
117;Laundry detergent
118;Energy drinks
119;Candy
120;Toothpaste
121;Candles
122;Vitamins
123;Cleaning supplies
124;Beverages
125;DVDs and movies
126;Books
127;Phones
128;Clothing
129;Furniture
130;Airline tickets
131;Electronic devices
132;Personal hygiene products
133;Vacuum cleaners
134;Watches
135;Designer clothing
136;Luxury vehicles
137;Jewelry
138;Perfumes
139;Magazines
140;Laundry detergent
141;Energy drinks
142;Candy
143;Toothpaste
144;Candles
145;Vitamins
146;Cleaning supplies
147;Beverages
148;DVDs and movies
149;Books
150;Phones
151;Clothing
152;Furniture
153;Airline tickets
154;Electronic devices
155;Personal hygiene products
156;Vacuum cleaners
157;Watches
158;Designer clothing
159;Luxury vehicles
160;Jewelry
161;Perfumes
162;Magazines
163;Laundry detergent
164;Energy drinks
165;Candy
166;Toothpaste
167;Candles
168;Vitamins
169;Cleaning supplies
170;Beverages
171;DVDs and movies
172;Books
173;Phones
174;Clothing
175;Furniture
176;Airline tickets
177;Electronic devices
178;Personal hygiene products
179;Vacuum cleaners
180;Watches
181;Designer clothing
182;Luxury vehicles
183;Jewelry
184;Perfumes
185;Magazines
186;Laundry detergent
187;Energy drinks
188;Candy
189;Toothpaste
190;Candles
191;Vitamins
192;Cleaning supplies
193;Beverages
194;DVDs and movies
195;Books
196;Phones
197;Clothing
198;Furniture
199;Airline tickets
200;Electronic devices
201;Personal hygiene products
202;Vacuum cleaners
203;Watches
204;Designer clothing
205;Luxury vehicles
206;Jewelry
207;Perfumes
208;Magazines
209;Laundry detergent
210;Energy drinks
211;Candy
212;Toothpaste
213;Candles
214;Vitamins
215;Cleaning supplies
216;Beverages
217;DVDs and movies
218;Books
219;Phones
220;Clothing
221;Furniture
222;Airline tickets
223;Electronic devices
224;Personal hygiene products
225;Vacuum cleaners
226;Watches
227;Designer clothing
228;Luxury vehicles
229;Jewelry
230;Perfumes
231;Magazines
232;Laundry detergent
233;Energy drinks
234;Candy
235;Toothpaste
236;Candles
237;Vitamins
238;Cleaning supplies
239;Beverages
240;DVDs and movies
241;Books
242;Phones
243;Clothing
244;Furniture
245;Airline tickets
246;Electronic devices
247;Personal hygiene products
248;Vacuum cleaners
249;Watches
250;Designer clothing
251;Luxury vehicles
252;Jewelry
253;Perfumes
254;Magazines
255;Laundry detergent
256;Energy drinks
257;Candy
258;Toothpaste
259;Candles
260;Vitamins
261;Cleaning supplies
262;Beverages
263;DVDs and movies
264;Books
265;Phones
266;Clothing
267;Furniture
268;Airline tickets
269;Electronic devices
270;Personal hygiene products
271;Magazines
272;Laundry detergent
273;Energy drinks
274;Candy
275;Toothpaste
276;Candles
277;Vitamins
278;Cleaning supplies
279;Beverages
280;DVDs and movies
281;Books
282;Phones
283;Clothing
284;Furniture
285;Airline tickets
286;Electronic devices
287;Personal hygiene products
288;Vacuum cleaners
289;Watches
290;Designer clothing
291;Luxury vehicles
292;Jewelry
293;Perfumes
294;Magazines
295;Laundry detergent
296;Energy drinks
297;Candy
298;Toothpaste
299;Candles
300;Vitamins
301;Cleaning supplies
302;Beverages
303;DVDs and movies
304;Books
305;Phones
306;Clothing
307;Furniture
308;Airline tickets
309;Electronic devices
310;Personal hygiene products
311;Vacuum cleaners
312;Watches
313;Designer clothing
314;Luxury vehicles
315;Jewelry
316;Perfumes
317;Magazines
318;Laundry detergent
319;Energy drinks
320;Candy
321;Toothpaste
322;Candles
323;Vitamins
324;Cleaning supplies
325;Beverages
326;DVDs and movies
327;Books
328;Phones
329;Clothing
330;Furniture
331;Airline tickets
332;Electronic devices
333;Personal hygiene products
334;Vacuum cleaners
335;Watches
336;Designer clothing
337;Luxury vehicles
338;Jewelry
339;Perfumes
340;Magazines
341;Laundry detergent
342;Energy drinks
343;Candy
344;Toothpaste
345;Candles
346;Vitamins
347;Cleaning supplies
348;Beverages
349;DVDs and movies
350;Books
351;Phones
352;Clothing
353;Furniture
354;Airline tickets
355;Electronic devices
356;Personal hygiene products
357;Vacuum cleaners
358;Watches
359;Designer clothing
360;Luxury vehicles
361;Jewelry
362;Perfumes
363;Magazines
364;Laundry detergent
365;Energy drinks
366;Candy
367;Toothpaste
368;Candles
369;Vitamins
370;Cleaning supplies
371;Beverages
372;DVDs and movies
373;Books
374;Phones
375;Clothing
376;Furniture
377;Airline tickets
378;Electronic devices
379;Personal hygiene products
380;Vacuum cleaners
381;Watches
382;Designer clothing
383;Luxury vehicles
384;Jewelry
385;Perfumes
386;Magazines
387;Laundry detergent
388;Energy drinks
389;Candy
390;Toothpaste
391;Candles
392;Vitamins
393;Cleaning supplies
394;Beverages
395;DVDs and movies
396;Books
397;Phones
398;Clothing
399;Furniture
400;Airline tickets
401;Electronic devices
402;Personal hygiene products
403;Vacuum cleaners
404;Watches
405;Designer clothing
406;Luxury vehicles
407;Jewelry
408;Perfumes
409;Magazines
410;Laundry detergent
411;Energy drinks
412;Candy
413;Toothpaste
414;Candles
415;Vitamins
416;Cleaning supplies
417;Beverages
418;DVDs and movies
419;Books
420;Phones
421;Clothing
422;Furniture
423;Airline tickets
424;Electronic devices
425;Personal hygiene products
426;Vacuum cleaners
427;Watches
428;Designer clothing
429;Luxury vehicles
430;Jewelry
431;Perfumes
432;Magazines
433;Laundry detergent
434;Energy drinks
435;Candy
436;Toothpaste
437;Candles
438;Vitamins
439;Cleaning supplies
440;Beverages
441;DVDs and movies
442;Books
443;Phones
444;Clothing
445;Furniture
446;Airline tickets
447;Electronic devices
448;Personal hygiene products
449;Vacuum cleaners
450;Watches
451;Designer clothing
452;Luxury vehicles
453;Jewelry
454;Perfumes
455;Magazines
456;Laundry detergent
457;Energy drinks
458;Candy
459;Toothpaste
460;Candles
461;Vitamins
462;Cleaning supplies
463;Beverages
464;DVDs and movies
465;Books
466;Phones
467;Clothing
468;Furniture
469;Airline tickets
470;Electronic devices
471;Personal hygiene products
472;Vacuum cleaners
473;Watches
474;Designer clothing
475;Luxury vehicles
476;Jewelry
477;Perfumes
478;Magazines
479;Laundry detergent
480;Energy drinks
481;Candy
482;Toothpaste
483;Candles
484;Vitamins
485;Cleaning supplies
486;Beverages
487;DVDs and movies
488;Books
489;Phones
490;Clothing
491;Furniture
492;Airline tickets
493;Electronic devices
494;Personal hygiene products
495;Vacuum cleaners
496;Watches
497;Designer clothing
498;Luxury vehicles
499;Jewelry
500;Perfumes
501;Magazines
502;Laundry detergent
503;Energy drinks
504;Candy
505;Toothpaste
506;Candles
507;Vitamins
508;Cleaning supplies
509;Beverages
510;DVDs and movies
511;Books
512;Phones
513;Clothing
514;Furniture
515;Airline tickets
516;Electronic devices
517;Personal hygiene products
518;Vacuum cleaners
519;Watches
520;Designer clothing
521;Luxury vehicles
522;Jewelry
523;Perfumes
524;Magazines
525;Laundry detergent
526;Energy drinks
527;Candy
528;Toothpaste
529;Candles
530;Vitamins
531;Cleaning supplies
532;Beverages
533;DVDs and movies
534;Books
535;Phones
536;Clothing
537;Furniture
538;Airline tickets
539;Electronic devices
540;Personal hygiene products
541;Magazines
542;Laundry detergent
543;Energy drinks
544;Candy
545;Toothpaste
546;Candles
547;Vitamins
548;Cleaning supplies
549;Beverages
550;DVDs and movies
551;Books
552;Phones
553;Clothing
554;Furniture
555;Airline tickets
556;Electronic devices
557;Personal hygiene products
558;Vacuum cleaners
559;Watches
560;Designer clothing
561;Luxury vehicles
562;Jewelry
563;Perfumes
564;Magazines
565;Laundry detergent
566;Energy drinks
567;Candy
568;Toothpaste
569;Candles
570;Vitamins
571;Cleaning supplies
572;Beverages
573;DVDs and movies
574;Books
575;Phones
576;Clothing
577;Furniture
578;Airline tickets
579;Electronic devices
580;Personal hygiene products
581;Vacuum cleaners
582;Watches
583;Designer clothing
584;Luxury vehicles
585;Jewelry
586;Perfumes
587;Magazines
588;Laundry detergent
589;Energy drinks
590;Candy
591;Toothpaste
592;Candles
593;Vitamins
594;Cleaning supplies
595;Beverages
596;DVDs and movies
597;Books
598;Phones
599;Clothing
600;Furniture
601;Airline tickets
602;Electronic devices
603;Personal hygiene products
604;Vacuum cleaners
605;Watches
606;Designer clothing
607;Luxury vehicles
608;Jewelry
609;Perfumes
610;Magazines
611;Laundry detergent
612;Energy drinks
613;Candy
614;Toothpaste
615;Candles
616;Vitamins
617;Cleaning supplies
618;Beverages
619;DVDs and movies
620;Books
621;Phones
622;Clothing
623;Furniture
624;Airline tickets
625;Electronic devices
626;Personal hygiene products
627;Vacuum cleaners
628;Watches
629;Designer clothing
630;Luxury vehicles
631;Jewelry
632;Perfumes
633;Magazines
634;Laundry detergent
635;Energy drinks
636;Candy
637;Toothpaste
638;Candles
639;Vitamins
640;Cleaning supplies
641;Beverages
642;DVDs and movies
643;Books
644;Phones
645;Clothing
646;Furniture
647;Airline tickets
648;Electronic devices
649;Personal hygiene products
650;Vacuum cleaners
651;Watches
652;Designer clothing
653;Luxury vehicles
654;Jewelry
655;Perfumes
656;Magazines
657;Laundry detergent
658;Energy drinks
659;Candy
660;Toothpaste
661;Candles
662;Vitamins
663;Cleaning supplies
664;Beverages
665;DVDs and movies
666;Books
667;Phones
668;Clothing
669;Furniture
670;Airline tickets
671;Electronic devices
672;Personal hygiene products
673;Vacuum cleaners
674;Watches
675;Designer clothing
676;Luxury vehicles
677;Jewelry
678;Perfumes
679;Magazines
680;Laundry detergent
681;Energy drinks
682;Candy
683;Toothpaste
684;Candles
685;Vitamins
686;Cleaning supplies
687;Beverages
688;DVDs and movies
689;Books
690;Phones
691;Clothing
692;Furniture
693;Airline tickets
694;Electronic devices
695;Personal hygiene products
696;Magazines
697;Laundry detergent
698;Energy drinks
699;Knobi-Vital
