Smith Store;;;;;;
Johnson Franchise;;;;;;
Williams Branch;;;;;;
Brown Store;;;;;;
Jones Franchise;;;;;;
Miller Branch;;;;;;
Davis Store;;;;;;
Garcia Franchise;;;;;;
Rodriguez Branch;;;;;;
Wilson Store;;;;;;
Martinez Franchise;;;;;;
Anderson Branch;;;;;;
Taylor Store;;;;;;
Thomas Franchise;;;;;;
Hernandez Branch;;;;;;
Moore Store;;;;;;
Martin Franchise;;;;;;
Jackson Branch;;;;;;
Thompson Store;;;;;;
White Franchise;;;;;;
Lopez Branch;;;;;;
Lee Store;;;;;;
Gonzalez Franchise;;;;;;
Harris Branch;;;;;;
Clark Store;;;;;;
Lewis Franchise;;;;;;
Robinson Branch;;;;;;
Walker Store;;;;;;
Perez Franchise;;;;;;
Hall Branch;;;;;;
Young Store;;;;;;
Allen Franchise;;;;;;
Sanchez Branch;;;;;;
Wright Store;;;;;;
King Franchise;;;;;;
Scott Branch;;;;;;
Green Store;;;;;;
Baker Franchise;;;;;;
Adams Branch;;;;;;
Nelson Store;;;;;;
Hill Franchise;;;;;;
Ramirez Branch;;;;;;
Campbell Store;;;;;;
Mitchell Franchise;;;;;;
Roberts Branch;;;;;;
Carter Store;;;;;;
Phillips Franchise;;;;;;
Evans Branch;;;;;;
Turner Store;;;;;;
Torres Franchise;;;;;;
Parker Branch;;;;;;
Collins Store;;;;;;
Edwards Franchise;;;;;;
Stewart Branch;;;;;;
Flores Store;;;;;;
Morris Franchise;;;;;;
Nguyen Branch;;;;;;
Murphy Store;;;;;;
Rivera Franchise;;;;;;
Cook Branch;;;;;;
Rogers Store;;;;;;
Morgan Franchise;;;;;;
Peterson Branch;;;;;;
Cooper Store;;;;;;
Reed Franchise;;;;;;
Bailey Branch;;;;;;
Bell Store;;;;;;
Gomez Franchise;;;;;;
Kelly Branch;;;;;;
Howard Store;;;;;;
Ward Franchise;;;;;;
Cox Branch;;;;;;
Diaz Store;;;;;;
Richardson Franchise;;;;;;
Wood Branch;;;;;;
Watson Store;;;;;;
Brooks Franchise;;;;;;
Bennett Branch;;;;;;
Gray Store;;;;;;
James Franchise;;;;;;
Reyes Branch;;;;;;
Cruz Store;;;;;;
Hughes Franchise;;;;;;
Price Branch;;;;;;
Myers Store;;;;;;
Long Franchise;;;;;;
Foster Branch;;;;;;
Sanders Store;;;;;;
Ross Franchise;;;;;;
Morales Branch;;;;;;
Powell Store;;;;;;
Sullivan Franchise;;;;;;
Russell Branch;;;;;;
Ortiz Store;;;;;;
Jenkins Franchise;;;;;;
Gutierrez Branch;;;;;;
Perry Store;;;;;;
Butler Franchise;;;;;;
Barnes Branch;;;;;;
Fisher Store;;;;;;
Henderson Franchise;;;;;;
Coleman Branch;;;;;;
Simmons Store;;;;;;
Patterson Franchise;;;;;;
Jordan Branch;;;;;;
Reynolds Store;;;;;;
Hamilton Franchise;;;;;;
Graham Branch;;;;;;
Kim Store;;;;;;
Gonzales Franchise;;;;;;
Alexander Branch;;;;;;
Ramos Store;;;;;;
Wallace Franchise;;;;;;
Griffin Branch;;;;;;
West Store;;;;;;
Cole Franchise;;;;;;
Hayes Branch;;;;;;
Chavez Store;;;;;;
Gibson Franchise;;;;;;
Bryant Branch;;;;;;
Ellis Store;;;;;;
Stevens Franchise;;;;;;
Murray Branch;;;;;;
Ford Store;;;;;;
Marshall Franchise;;;;;;
Owens Branch;;;;;;
Mcdonald Store;;;;;;
Harrison Franchise;;;;;;
Ruiz Branch;;;;;;
Kennedy Store;;;;;;
Wells Franchise;;;;;;
Alvarez Branch;;;;;;
Woods Store;;;;;;
Mendoza Franchise;;;;;;
Castillo Branch;;;;;;
Olson Store;;;;;;
Webb Franchise;;;;;;
Washington Branch;;;;;;
Tucker Store;;;;;;
Freeman Franchise;;;;;;
Burns Branch;;;;;;
Henry Store;;;;;;
Vasquez Franchise;;;;;;
Snyder Store;;;;;;
;;;;;; 
